id,predictions
179920,[]
127410,[]
108416,"[5, 0.517, 0.337, 0.214, 0.137, 0.312, 7, 0.821, 0.741, 0.476, 0.113, 0.386, 3, 0.935, 0.736, 0.663, 0.255, 0.2]"
113077,[]
188093,"[5, 0.645, 0.723, 0.893, 0.294, 0.256, 0, 0.758, 0.736, 0.343, 0.225, 0.322, 9, 0.839, 0.137, 0.464, 0.212, 0.317]"
83666,"[9, 0.457, 0.525, 0.414, 0.178, 0.352, 5, 0.776, 0.122, 0.137, 0.09, 0.255, 0, 0.708, 0.911, 0.611, 0.259, 0.107]"
67014,"[2, 0.888, 0.579, 0.104, 0.134, 0.219]"
83548,"[1, 0.427, 0.535, 0.365, 0.203, 0.177, 4, 0.377, 0.323, 0.205, 0.311, 0.246]"
16047,"[7, 0.525, 0.789, 0.139, 0.073, 0.124]"
123917,"[3, 0.837, 0.148, 0.384, 0.188, 0.169, 0, 0.351, 0.817, 0.785, 0.262, 0.095]"
183141,"[6, 0.818, 0.427, 0.366, 0.258, 0.151, 4, 0.918, 0.667, 0.606, 0.219, 0.191]"
188841,"[8, 0.881, 0.857, 0.621, 0.291, 0.354, 3, 0.732, 0.927, 0.73, 0.229, 0.089, 6, 0.347, 0.671, 0.637, 0.207, 0.389, 0, 0.925, 0.4, 0.228, 0.199, 0.29]"
7380,"[3, 0.98, 0.593, 0.863, 0.246, 0.319, 9, 0.928, 0.762, 0.318, 0.358, 0.244]"
181075,"[7, 0.366, 0.317, 0.457, 0.253, 0.114, 0, 0.301, 0.846, 0.564, 0.204, 0.319]"
2748,"[2, 0.7, 0.492, 0.886, 0.13, 0.249, 6, 0.973, 0.101, 0.075, 0.167, 0.341, 6, 0.705, 0.17, 0.455, 0.178, 0.273, 3, 0.686, 0.1, 0.686, 0.121, 0.129, 0, 0.325, 0.801, 0.199, 0.085, 0.353]"
145324,[]
78731,"[8, 0.988, 0.863, 0.293, 0.396, 0.271, 6, 0.721, 0.673, 0.325, 0.19, 0.208, 9, 0.433, 0.412, 0.713, 0.304, 0.361, 4, 0.503, 0.419, 0.888, 0.304, 0.176]"
6476,"[5, 0.885, 0.733, 0.577, 0.166, 0.183, 4, 0.606, 0.858, 0.343, 0.356, 0.336, 6, 0.846, 0.392, 0.599, 0.386, 0.283, 9, 0.758, 0.689, 0.675, 0.143, 0.241, 0, 0.647, 0.748, 0.728, 0.389, 0.192]"
194272,[]
103368,"[5, 0.845, 0.722, 0.638, 0.149, 0.361, 7, 0.325, 0.383, 0.374, 0.389, 0.248, 2, 0.462, 0.477, 0.64, 0.259, 0.379, 0, 0.471, 0.214, 0.774, 0.093, 0.163, 2, 0.949, 0.088, 0.414, 0.296, 0.15]"
187261,"[1, 0.499, 0.093, 0.902, 0.127, 0.385, 0, 0.484, 0.122, 0.675, 0.265, 0.278, 9, 0.321, 0.674, 0.389, 0.171, 0.091, 9, 0.983, 0.944, 0.054, 0.293, 0.11]"
112448,"[4, 0.547, 0.472, 0.667, 0.388, 0.297, 9, 0.549, 0.918, 0.672, 0.176, 0.316, 2, 0.355, 0.351, 0.138, 0.387, 0.134, 6, 0.545, 0.878, 0.141, 0.156, 0.168, 5, 0.832, 0.791, 0.932, 0.087, 0.077]"
167263,"[4, 0.456, 0.692, 0.85, 0.343, 0.307]"
54472,"[2, 0.459, 0.07, 0.619, 0.095, 0.111]"
149228,"[3, 0.979, 0.807, 0.588, 0.134, 0.068]"
145970,"[8, 0.937, 0.426, 0.682, 0.081, 0.37, 4, 0.403, 0.172, 0.346, 0.086, 0.229, 3, 0.507, 0.911, 0.34, 0.228, 0.33, 4, 0.354, 0.439, 0.266, 0.213, 0.343, 1, 0.97, 0.132, 0.731, 0.113, 0.195]"
64851,"[8, 0.872, 0.836, 0.619, 0.057, 0.055, 6, 0.85, 0.926, 0.477, 0.147, 0.245, 8, 0.368, 0.193, 0.08, 0.287, 0.163, 9, 0.724, 0.792, 0.426, 0.169, 0.394]"
179198,"[0, 0.445, 0.249, 0.081, 0.16, 0.273, 5, 0.916, 0.103, 0.71, 0.272, 0.373, 7, 0.625, 0.938, 0.313, 0.31, 0.109, 4, 0.758, 0.416, 0.186, 0.211, 0.188, 6, 0.472, 0.684, 0.61, 0.122, 0.203]"
40398,"[6, 0.56, 0.135, 0.451, 0.243, 0.077, 2, 0.905, 0.935, 0.72, 0.242, 0.265]"
89721,"[7, 0.814, 0.578, 0.724, 0.066, 0.335, 3, 0.303, 0.348, 0.817, 0.062, 0.059, 1, 0.491, 0.737, 0.774, 0.061, 0.195, 1, 0.527, 0.811, 0.623, 0.241, 0.239, 0, 0.534, 0.147, 0.869, 0.182, 0.07]"
14439,"[1, 0.424, 0.815, 0.105, 0.238, 0.224, 7, 0.332, 0.176, 0.279, 0.259, 0.218, 6, 0.39, 0.054, 0.708, 0.063, 0.39, 6, 0.581, 0.634, 0.822, 0.093, 0.34, 5, 0.36, 0.691, 0.724, 0.159, 0.305]"
174067,"[6, 0.891, 0.086, 0.422, 0.357, 0.155, 7, 0.52, 0.405, 0.171, 0.096, 0.215, 3, 0.705, 0.102, 0.274, 0.2, 0.258, 9, 0.834, 0.716, 0.84, 0.246, 0.119]"
125095,[]
190385,"[4, 0.633, 0.884, 0.358, 0.116, 0.33]"
152410,"[6, 0.425, 0.627, 0.247, 0.131, 0.247, 8, 0.756, 0.213, 0.845, 0.277, 0.288]"
58682,"[8, 0.67, 0.789, 0.174, 0.193, 0.327]"
29220,"[2, 0.584, 0.805, 0.799, 0.05, 0.292, 0, 0.878, 0.817, 0.125, 0.341, 0.223, 8, 0.538, 0.934, 0.275, 0.169, 0.07, 9, 0.876, 0.88, 0.075, 0.06, 0.198, 5, 0.573, 0.701, 0.684, 0.144, 0.096]"
30742,"[6, 0.948, 0.291, 0.918, 0.221, 0.392, 7, 0.844, 0.131, 0.92, 0.128, 0.07, 8, 0.817, 0.089, 0.609, 0.293, 0.248, 0, 0.654, 0.424, 0.94, 0.334, 0.181]"
181266,"[3, 0.757, 0.32, 0.782, 0.069, 0.152, 1, 0.475, 0.295, 0.636, 0.055, 0.156, 4, 0.684, 0.739, 0.104, 0.074, 0.275, 1, 0.939, 0.347, 0.434, 0.122, 0.147, 8, 0.622, 0.132, 0.143, 0.209, 0.173]"
48274,"[7, 0.73, 0.093, 0.843, 0.22, 0.213, 0, 0.388, 0.622, 0.749, 0.26, 0.311, 1, 0.513, 0.393, 0.536, 0.346, 0.276, 1, 0.428, 0.056, 0.671, 0.313, 0.104, 9, 0.806, 0.54, 0.875, 0.087, 0.089]"
33172,"[7, 0.341, 0.289, 0.479, 0.151, 0.146, 8, 0.515, 0.111, 0.922, 0.22, 0.248, 8, 0.762, 0.794, 0.945, 0.294, 0.368, 3, 0.659, 0.258, 0.516, 0.094, 0.098, 3, 0.408, 0.947, 0.652, 0.397, 0.175]"
185787,"[5, 0.573, 0.912, 0.132, 0.27, 0.25, 5, 0.772, 0.939, 0.705, 0.257, 0.22, 4, 0.958, 0.62, 0.465, 0.301, 0.161, 4, 0.667, 0.737, 0.842, 0.321, 0.126]"
182929,"[6, 0.376, 0.823, 0.279, 0.103, 0.344, 5, 0.788, 0.25, 0.728, 0.336, 0.205, 6, 0.406, 0.523, 0.328, 0.396, 0.397]"
88919,"[0, 0.915, 0.589, 0.72, 0.223, 0.169, 4, 0.888, 0.649, 0.652, 0.295, 0.386]"
145121,"[9, 0.491, 0.87, 0.531, 0.298, 0.311, 7, 0.606, 0.469, 0.606, 0.36, 0.245, 3, 0.901, 0.523, 0.253, 0.118, 0.283, 7, 0.38, 0.068, 0.063, 0.115, 0.052]"
148936,"[5, 0.336, 0.581, 0.725, 0.212, 0.382, 4, 0.943, 0.753, 0.66, 0.107, 0.204]"
107616,"[4, 0.318, 0.763, 0.468, 0.267, 0.397, 3, 0.506, 0.169, 0.708, 0.354, 0.276, 1, 0.965, 0.51, 0.213, 0.139, 0.23, 6, 0.981, 0.143, 0.58, 0.161, 0.377]"
1931,"[8, 0.64, 0.148, 0.598, 0.07, 0.126, 5, 0.342, 0.853, 0.868, 0.224, 0.204, 4, 0.605, 0.467, 0.672, 0.346, 0.343]"
169258,"[8, 0.365, 0.84, 0.209, 0.116, 0.277, 9, 0.701, 0.28, 0.437, 0.277, 0.339]"
58512,"[5, 0.925, 0.725, 0.85, 0.128, 0.072, 1, 0.45, 0.643, 0.056, 0.258, 0.216]"
21409,"[6, 0.334, 0.748, 0.104, 0.093, 0.096, 5, 0.408, 0.246, 0.296, 0.117, 0.062, 0, 0.793, 0.387, 0.909, 0.075, 0.209, 1, 0.724, 0.358, 0.796, 0.11, 0.308, 6, 0.779, 0.485, 0.389, 0.189, 0.088]"
109454,"[3, 0.336, 0.322, 0.58, 0.129, 0.223, 8, 0.913, 0.558, 0.874, 0.286, 0.212, 6, 0.618, 0.911, 0.717, 0.295, 0.201, 2, 0.986, 0.796, 0.69, 0.298, 0.355, 5, 0.513, 0.618, 0.634, 0.176, 0.068]"
52781,"[7, 0.632, 0.727, 0.948, 0.175, 0.127, 9, 0.755, 0.667, 0.471, 0.213, 0.115]"
124149,"[9, 0.332, 0.628, 0.949, 0.11, 0.346, 8, 0.509, 0.332, 0.112, 0.133, 0.153]"
182750,"[5, 0.875, 0.36, 0.203, 0.094, 0.141]"
188932,"[0, 0.429, 0.484, 0.109, 0.32, 0.198, 9, 0.83, 0.198, 0.639, 0.276, 0.206, 3, 0.403, 0.426, 0.778, 0.153, 0.372]"
40139,"[4, 0.583, 0.385, 0.516, 0.373, 0.358, 7, 0.686, 0.292, 0.117, 0.345, 0.396, 8, 0.833, 0.296, 0.265, 0.068, 0.383]"
59464,"[9, 0.809, 0.145, 0.318, 0.252, 0.388, 4, 0.327, 0.177, 0.574, 0.069, 0.143, 2, 0.455, 0.465, 0.506, 0.131, 0.143]"
89667,"[7, 0.585, 0.761, 0.12, 0.271, 0.356, 1, 0.425, 0.901, 0.505, 0.252, 0.378, 1, 0.639, 0.285, 0.432, 0.337, 0.259, 1, 0.301, 0.131, 0.078, 0.268, 0.134]"
20871,"[5, 0.837, 0.796, 0.648, 0.214, 0.211, 3, 0.79, 0.622, 0.808, 0.153, 0.311, 7, 0.833, 0.119, 0.364, 0.231, 0.278]"
28748,"[7, 0.335, 0.779, 0.78, 0.184, 0.243, 5, 0.618, 0.105, 0.558, 0.125, 0.25, 3, 0.629, 0.617, 0.12, 0.116, 0.394]"
66970,"[9, 0.5, 0.072, 0.632, 0.376, 0.352]"
184021,"[2, 0.363, 0.926, 0.434, 0.336, 0.341]"
183067,"[1, 0.336, 0.686, 0.845, 0.209, 0.11, 1, 0.974, 0.431, 0.154, 0.219, 0.385, 0, 0.789, 0.867, 0.392, 0.235, 0.167]"
147486,[]
183225,"[1, 0.923, 0.348, 0.211, 0.309, 0.33, 7, 0.848, 0.61, 0.904, 0.382, 0.087, 5, 0.752, 0.791, 0.947, 0.093, 0.234]"
52923,"[5, 0.619, 0.491, 0.154, 0.327, 0.083, 0, 0.386, 0.191, 0.827, 0.184, 0.337, 7, 0.639, 0.18, 0.404, 0.226, 0.395]"
55565,"[1, 0.58, 0.859, 0.386, 0.4, 0.232, 8, 0.496, 0.457, 0.876, 0.252, 0.082, 7, 0.99, 0.356, 0.072, 0.12, 0.385, 4, 0.888, 0.085, 0.064, 0.132, 0.086, 1, 0.599, 0.474, 0.736, 0.229, 0.117]"
169988,"[5, 0.986, 0.683, 0.383, 0.302, 0.101, 0, 0.307, 0.212, 0.529, 0.154, 0.347]"
188895,"[3, 0.982, 0.268, 0.611, 0.391, 0.298, 3, 0.41, 0.685, 0.279, 0.275, 0.065, 7, 0.595, 0.06, 0.06, 0.142, 0.093]"
138009,[]
184266,"[5, 0.809, 0.705, 0.494, 0.182, 0.228, 7, 0.835, 0.308, 0.158, 0.229, 0.359, 1, 0.54, 0.477, 0.919, 0.287, 0.19, 8, 0.527, 0.745, 0.503, 0.347, 0.305, 6, 0.355, 0.165, 0.589, 0.072, 0.127]"
184883,"[3, 0.512, 0.212, 0.619, 0.282, 0.32, 5, 0.706, 0.766, 0.792, 0.196, 0.316, 8, 0.822, 0.94, 0.548, 0.277, 0.373, 3, 0.619, 0.916, 0.317, 0.093, 0.064]"
64127,[]
155469,"[2, 0.938, 0.55, 0.847, 0.374, 0.327, 3, 0.526, 0.211, 0.386, 0.174, 0.166, 3, 0.711, 0.275, 0.601, 0.311, 0.323, 4, 0.942, 0.859, 0.087, 0.166, 0.276]"
185525,[]
185294,"[1, 0.661, 0.486, 0.569, 0.198, 0.077, 6, 0.468, 0.453, 0.899, 0.222, 0.278, 5, 0.651, 0.908, 0.852, 0.196, 0.062]"
77130,"[3, 0.594, 0.268, 0.869, 0.174, 0.392, 4, 0.795, 0.773, 0.86, 0.179, 0.084]"
46069,[]
182891,"[9, 0.712, 0.871, 0.507, 0.291, 0.22, 2, 0.855, 0.425, 0.466, 0.222, 0.254, 0, 0.345, 0.537, 0.067, 0.134, 0.291, 7, 0.493, 0.741, 0.718, 0.287, 0.368]"
120789,"[9, 0.551, 0.746, 0.383, 0.056, 0.246, 1, 0.651, 0.576, 0.308, 0.168, 0.12, 3, 0.553, 0.067, 0.642, 0.28, 0.057, 4, 0.884, 0.418, 0.188, 0.234, 0.143]"
63852,[]
56052,[]
174229,"[7, 0.532, 0.373, 0.175, 0.074, 0.225, 7, 0.659, 0.278, 0.421, 0.085, 0.394]"
191541,"[8, 0.987, 0.079, 0.093, 0.163, 0.245]"
37001,"[9, 0.63, 0.488, 0.774, 0.152, 0.084, 9, 0.811, 0.294, 0.097, 0.183, 0.12]"
63223,"[9, 0.874, 0.25, 0.14, 0.161, 0.083, 6, 0.988, 0.413, 0.457, 0.181, 0.294, 1, 0.889, 0.46, 0.479, 0.32, 0.167, 6, 0.809, 0.445, 0.444, 0.241, 0.153]"
83694,"[5, 0.627, 0.456, 0.094, 0.215, 0.359, 0, 0.658, 0.452, 0.59, 0.106, 0.164, 5, 0.358, 0.588, 0.875, 0.19, 0.123, 2, 0.955, 0.912, 0.82, 0.256, 0.33, 5, 0.79, 0.261, 0.576, 0.051, 0.117]"
114166,"[2, 0.977, 0.78, 0.383, 0.107, 0.349]"
193994,"[5, 0.537, 0.493, 0.317, 0.37, 0.355, 5, 0.989, 0.283, 0.476, 0.213, 0.26, 1, 0.328, 0.578, 0.702, 0.076, 0.286, 5, 0.928, 0.729, 0.309, 0.388, 0.179]"
171164,"[5, 0.659, 0.539, 0.547, 0.377, 0.121, 1, 0.518, 0.492, 0.663, 0.054, 0.126]"
176605,"[5, 0.677, 0.332, 0.108, 0.338, 0.199]"
84364,"[0, 0.939, 0.101, 0.388, 0.259, 0.199]"
76241,"[4, 0.963, 0.342, 0.498, 0.389, 0.105, 4, 0.915, 0.489, 0.704, 0.352, 0.219]"
58883,"[8, 0.343, 0.065, 0.192, 0.19, 0.324, 0, 0.958, 0.573, 0.282, 0.188, 0.373, 2, 0.388, 0.222, 0.21, 0.363, 0.114, 2, 0.331, 0.672, 0.768, 0.386, 0.23]"
127469,"[8, 0.359, 0.881, 0.676, 0.094, 0.146, 1, 0.883, 0.825, 0.327, 0.365, 0.147, 5, 0.591, 0.694, 0.705, 0.129, 0.095]"
41066,"[3, 0.676, 0.128, 0.155, 0.065, 0.348]"
175929,[]
124184,"[6, 0.868, 0.95, 0.072, 0.35, 0.288, 9, 0.63, 0.891, 0.244, 0.369, 0.173, 3, 0.756, 0.747, 0.511, 0.102, 0.305, 5, 0.68, 0.44, 0.621, 0.143, 0.177, 3, 0.762, 0.804, 0.231, 0.211, 0.323]"
31847,[]
96275,[]
187135,"[1, 0.56, 0.672, 0.908, 0.183, 0.25]"
25075,"[5, 0.368, 0.146, 0.319, 0.146, 0.301, 9, 0.351, 0.499, 0.174, 0.145, 0.196, 4, 0.665, 0.513, 0.452, 0.26, 0.314, 1, 0.556, 0.761, 0.067, 0.175, 0.257]"
191039,"[4, 0.95, 0.732, 0.91, 0.133, 0.125, 2, 0.4, 0.117, 0.38, 0.4, 0.289, 6, 0.715, 0.332, 0.074, 0.38, 0.225, 9, 0.548, 0.147, 0.33, 0.397, 0.379, 8, 0.534, 0.051, 0.628, 0.297, 0.184]"
181015,[]
153169,"[4, 0.789, 0.63, 0.584, 0.214, 0.237, 2, 0.931, 0.555, 0.812, 0.108, 0.074, 0, 0.913, 0.195, 0.087, 0.167, 0.148]"
15806,"[3, 0.458, 0.843, 0.136, 0.181, 0.11, 4, 0.889, 0.26, 0.623, 0.272, 0.375, 1, 0.584, 0.564, 0.853, 0.307, 0.103, 0, 0.303, 0.586, 0.518, 0.286, 0.227, 5, 0.86, 0.893, 0.368, 0.285, 0.139]"
175632,"[6, 0.42, 0.73, 0.141, 0.054, 0.323, 4, 0.799, 0.081, 0.853, 0.087, 0.151]"
120874,"[3, 0.73, 0.816, 0.575, 0.332, 0.127, 5, 0.774, 0.873, 0.486, 0.234, 0.06, 0, 0.43, 0.533, 0.347, 0.053, 0.277]"
167701,"[4, 0.476, 0.081, 0.716, 0.315, 0.276, 3, 0.619, 0.808, 0.075, 0.264, 0.171, 4, 0.324, 0.103, 0.322, 0.284, 0.244, 9, 0.962, 0.77, 0.785, 0.234, 0.345, 9, 0.939, 0.395, 0.2, 0.148, 0.277]"
185218,"[8, 0.94, 0.378, 0.121, 0.371, 0.109, 6, 0.62, 0.345, 0.527, 0.127, 0.143, 2, 0.607, 0.563, 0.677, 0.174, 0.377]"
36808,"[3, 0.581, 0.135, 0.871, 0.108, 0.237, 6, 0.339, 0.493, 0.358, 0.051, 0.193, 0, 0.616, 0.636, 0.267, 0.278, 0.125, 8, 0.944, 0.184, 0.603, 0.317, 0.267, 8, 0.632, 0.895, 0.56, 0.273, 0.322]"
178709,"[9, 0.866, 0.432, 0.299, 0.294, 0.164, 1, 0.573, 0.164, 0.239, 0.214, 0.125, 4, 0.321, 0.671, 0.132, 0.133, 0.357, 9, 0.487, 0.783, 0.818, 0.101, 0.256]"
104221,"[7, 0.667, 0.418, 0.801, 0.145, 0.184, 6, 0.4, 0.158, 0.389, 0.361, 0.286]"
57449,"[4, 0.338, 0.36, 0.347, 0.388, 0.26]"
175397,"[1, 0.367, 0.896, 0.312, 0.138, 0.112, 3, 0.664, 0.802, 0.775, 0.234, 0.376, 8, 0.409, 0.792, 0.763, 0.242, 0.25, 8, 0.668, 0.614, 0.848, 0.298, 0.329, 5, 0.651, 0.217, 0.202, 0.222, 0.397]"
42620,[]
64572,[]
4619,"[8, 0.38, 0.474, 0.234, 0.382, 0.343, 4, 0.586, 0.853, 0.08, 0.306, 0.386, 8, 0.505, 0.222, 0.491, 0.052, 0.314, 7, 0.529, 0.726, 0.784, 0.308, 0.215, 4, 0.607, 0.524, 0.572, 0.366, 0.158]"
182190,"[1, 0.824, 0.239, 0.336, 0.19, 0.329]"
186118,"[6, 0.507, 0.062, 0.909, 0.105, 0.239, 0, 0.57, 0.481, 0.69, 0.343, 0.164, 5, 0.539, 0.703, 0.921, 0.273, 0.108]"
92656,"[6, 0.481, 0.841, 0.815, 0.173, 0.291, 1, 0.959, 0.795, 0.864, 0.206, 0.069, 7, 0.62, 0.465, 0.59, 0.388, 0.372, 0, 0.705, 0.22, 0.6, 0.304, 0.078, 3, 0.657, 0.59, 0.528, 0.079, 0.18]"
185859,"[0, 0.817, 0.608, 0.104, 0.223, 0.101]"
49453,"[4, 0.449, 0.865, 0.717, 0.364, 0.237, 0, 0.958, 0.668, 0.799, 0.311, 0.298]"
105559,"[9, 0.374, 0.43, 0.909, 0.282, 0.108]"
58237,"[9, 0.736, 0.116, 0.246, 0.151, 0.116, 2, 0.306, 0.571, 0.47, 0.165, 0.293, 1, 0.773, 0.342, 0.729, 0.069, 0.204, 2, 0.324, 0.842, 0.444, 0.279, 0.118, 3, 0.516, 0.42, 0.442, 0.398, 0.241]"
138251,[]
141859,"[2, 0.678, 0.819, 0.766, 0.119, 0.053]"
178131,"[7, 0.726, 0.898, 0.491, 0.273, 0.12, 3, 0.436, 0.849, 0.929, 0.214, 0.114, 2, 0.989, 0.5, 0.277, 0.182, 0.335, 7, 0.878, 0.219, 0.756, 0.063, 0.362]"
107473,[]
153638,"[4, 0.91, 0.316, 0.785, 0.218, 0.161, 0, 0.784, 0.392, 0.231, 0.291, 0.202, 3, 0.685, 0.853, 0.345, 0.313, 0.396, 5, 0.817, 0.829, 0.248, 0.066, 0.234, 3, 0.462, 0.418, 0.9, 0.24, 0.165]"
135831,[]
55306,"[3, 0.828, 0.288, 0.153, 0.27, 0.342, 9, 0.678, 0.72, 0.146, 0.124, 0.088]"
74793,[]
119534,"[3, 0.92, 0.115, 0.324, 0.169, 0.062, 3, 0.467, 0.051, 0.861, 0.395, 0.247, 7, 0.75, 0.599, 0.261, 0.351, 0.22]"
151212,"[0, 0.505, 0.279, 0.09, 0.229, 0.393, 9, 0.366, 0.204, 0.142, 0.136, 0.184, 9, 0.324, 0.089, 0.135, 0.358, 0.088, 7, 0.847, 0.6, 0.743, 0.279, 0.244]"
190830,[]
167223,"[5, 0.41, 0.14, 0.808, 0.128, 0.307, 4, 0.531, 0.221, 0.495, 0.31, 0.124, 6, 0.368, 0.066, 0.545, 0.138, 0.062, 3, 0.53, 0.675, 0.446, 0.172, 0.239]"
162015,"[5, 0.639, 0.061, 0.689, 0.28, 0.193, 2, 0.889, 0.521, 0.05, 0.337, 0.248, 2, 0.547, 0.209, 0.588, 0.08, 0.103, 9, 0.644, 0.334, 0.082, 0.192, 0.28]"
19529,"[4, 0.819, 0.82, 0.523, 0.097, 0.361, 9, 0.441, 0.543, 0.787, 0.322, 0.312]"
50609,"[4, 0.815, 0.051, 0.172, 0.264, 0.212, 0, 0.482, 0.057, 0.377, 0.068, 0.097]"
117336,"[2, 0.926, 0.557, 0.274, 0.067, 0.054, 5, 0.817, 0.867, 0.414, 0.125, 0.1, 7, 0.318, 0.269, 0.44, 0.315, 0.078, 6, 0.907, 0.456, 0.268, 0.215, 0.071]"
174736,[]
90664,"[3, 0.358, 0.422, 0.056, 0.353, 0.052, 6, 0.399, 0.394, 0.759, 0.136, 0.288]"
2459,"[4, 0.828, 0.658, 0.712, 0.332, 0.397, 2, 0.462, 0.727, 0.491, 0.224, 0.251, 1, 0.738, 0.658, 0.406, 0.146, 0.221]"
185518,"[5, 0.47, 0.823, 0.369, 0.244, 0.161, 4, 0.714, 0.542, 0.26, 0.082, 0.134, 3, 0.388, 0.615, 0.91, 0.166, 0.063, 8, 0.968, 0.349, 0.454, 0.054, 0.205]"
144807,"[0, 0.532, 0.187, 0.298, 0.372, 0.339, 8, 0.7, 0.794, 0.221, 0.33, 0.245]"
93855,"[3, 0.699, 0.236, 0.29, 0.13, 0.165, 2, 0.797, 0.37, 0.696, 0.222, 0.324, 9, 0.445, 0.733, 0.781, 0.186, 0.115, 2, 0.512, 0.938, 0.33, 0.232, 0.235, 1, 0.425, 0.809, 0.34, 0.327, 0.39]"
123850,"[7, 0.843, 0.268, 0.598, 0.165, 0.201, 5, 0.673, 0.89, 0.311, 0.139, 0.278]"
9527,"[6, 0.394, 0.836, 0.539, 0.323, 0.301]"
34074,[]
2152,"[9, 0.301, 0.258, 0.836, 0.163, 0.373, 4, 0.958, 0.213, 0.673, 0.148, 0.071, 5, 0.621, 0.113, 0.681, 0.236, 0.089, 1, 0.762, 0.136, 0.582, 0.241, 0.074, 2, 0.538, 0.917, 0.378, 0.255, 0.103]"
187154,"[0, 0.686, 0.397, 0.412, 0.202, 0.294]"
31643,"[5, 0.466, 0.89, 0.465, 0.379, 0.278]"
119650,"[0, 0.305, 0.217, 0.912, 0.066, 0.298, 7, 0.301, 0.335, 0.447, 0.366, 0.336]"
2128,"[4, 0.845, 0.063, 0.305, 0.22, 0.35]"
183186,"[8, 0.927, 0.753, 0.833, 0.161, 0.31, 3, 0.611, 0.553, 0.924, 0.165, 0.286, 5, 0.629, 0.886, 0.442, 0.262, 0.144]"
27261,"[6, 0.38, 0.469, 0.292, 0.091, 0.104, 9, 0.542, 0.284, 0.552, 0.364, 0.09, 0, 0.597, 0.41, 0.281, 0.238, 0.096, 9, 0.47, 0.387, 0.758, 0.353, 0.261]"
42671,"[3, 0.58, 0.87, 0.593, 0.316, 0.213, 5, 0.352, 0.371, 0.267, 0.138, 0.236, 9, 0.473, 0.405, 0.107, 0.232, 0.357, 5, 0.864, 0.484, 0.379, 0.184, 0.296]"
39606,[]
161254,"[8, 0.463, 0.864, 0.308, 0.089, 0.175, 7, 0.887, 0.113, 0.27, 0.346, 0.051, 0, 0.589, 0.274, 0.948, 0.394, 0.393, 7, 0.647, 0.844, 0.485, 0.201, 0.055]"
62712,"[5, 0.709, 0.365, 0.711, 0.061, 0.159]"
8666,[]
137635,"[3, 0.33, 0.809, 0.075, 0.171, 0.337]"
66774,"[8, 0.815, 0.442, 0.927, 0.335, 0.355, 1, 0.458, 0.391, 0.669, 0.279, 0.18]"
143151,"[6, 0.563, 0.811, 0.61, 0.055, 0.261, 2, 0.864, 0.943, 0.43, 0.121, 0.247, 8, 0.497, 0.497, 0.236, 0.143, 0.386, 5, 0.882, 0.423, 0.569, 0.083, 0.212]"
21479,"[9, 0.501, 0.669, 0.684, 0.123, 0.23, 2, 0.351, 0.731, 0.543, 0.087, 0.199, 9, 0.597, 0.221, 0.549, 0.209, 0.227]"
182161,"[4, 0.722, 0.34, 0.362, 0.328, 0.083, 7, 0.937, 0.206, 0.454, 0.249, 0.076, 0, 0.407, 0.294, 0.408, 0.232, 0.273, 4, 0.626, 0.606, 0.077, 0.225, 0.336]"
81888,"[5, 0.922, 0.471, 0.308, 0.325, 0.353, 9, 0.408, 0.626, 0.112, 0.282, 0.24, 2, 0.829, 0.503, 0.054, 0.129, 0.219]"
181429,"[2, 0.962, 0.267, 0.892, 0.178, 0.378, 2, 0.479, 0.186, 0.837, 0.36, 0.133, 0, 0.307, 0.942, 0.865, 0.312, 0.372, 5, 0.354, 0.372, 0.311, 0.348, 0.216]"
185303,"[2, 0.591, 0.379, 0.562, 0.199, 0.358]"
108854,"[9, 0.84, 0.25, 0.929, 0.188, 0.166, 0, 0.758, 0.579, 0.188, 0.386, 0.245, 3, 0.841, 0.082, 0.526, 0.132, 0.175]"
5731,"[9, 0.538, 0.839, 0.292, 0.142, 0.191, 9, 0.718, 0.636, 0.475, 0.106, 0.286, 5, 0.759, 0.445, 0.323, 0.273, 0.236, 5, 0.765, 0.602, 0.242, 0.193, 0.059]"
44197,[]
185406,"[8, 0.375, 0.471, 0.766, 0.326, 0.172]"
186580,"[7, 0.307, 0.86, 0.597, 0.151, 0.276, 3, 0.938, 0.367, 0.264, 0.128, 0.071, 9, 0.431, 0.069, 0.201, 0.211, 0.256, 7, 0.445, 0.447, 0.104, 0.207, 0.094, 6, 0.319, 0.522, 0.076, 0.23, 0.201]"
122869,"[8, 0.806, 0.888, 0.412, 0.086, 0.202, 1, 0.923, 0.898, 0.594, 0.198, 0.112, 5, 0.655, 0.119, 0.411, 0.372, 0.164, 5, 0.323, 0.349, 0.664, 0.272, 0.073, 3, 0.489, 0.571, 0.34, 0.371, 0.344]"
34281,"[3, 0.678, 0.911, 0.303, 0.351, 0.184, 3, 0.536, 0.857, 0.325, 0.206, 0.324]"
172347,[]
138546,"[6, 0.416, 0.635, 0.597, 0.388, 0.341, 8, 0.646, 0.804, 0.31, 0.321, 0.34]"
115477,"[2, 0.942, 0.173, 0.941, 0.123, 0.056]"
3085,"[5, 0.329, 0.668, 0.106, 0.108, 0.12, 5, 0.482, 0.839, 0.524, 0.305, 0.366]"
8805,"[8, 0.413, 0.479, 0.584, 0.137, 0.092, 4, 0.889, 0.325, 0.525, 0.14, 0.285]"
69658,"[1, 0.32, 0.525, 0.757, 0.242, 0.25]"
192906,"[9, 0.371, 0.677, 0.596, 0.067, 0.299, 5, 0.331, 0.919, 0.457, 0.343, 0.203, 9, 0.335, 0.738, 0.763, 0.106, 0.22, 3, 0.497, 0.08, 0.427, 0.112, 0.147]"
42653,"[1, 0.835, 0.547, 0.216, 0.322, 0.362]"
43053,"[8, 0.383, 0.759, 0.179, 0.304, 0.104, 9, 0.436, 0.875, 0.072, 0.211, 0.316, 2, 0.7, 0.492, 0.58, 0.394, 0.247, 6, 0.608, 0.346, 0.85, 0.12, 0.174]"
14606,"[6, 0.475, 0.817, 0.709, 0.157, 0.1, 8, 0.709, 0.611, 0.501, 0.131, 0.216, 1, 0.875, 0.599, 0.725, 0.381, 0.054]"
18650,"[1, 0.378, 0.796, 0.242, 0.263, 0.079]"
12459,"[1, 0.987, 0.258, 0.265, 0.174, 0.306, 4, 0.323, 0.334, 0.496, 0.349, 0.27, 9, 0.751, 0.219, 0.527, 0.377, 0.173, 7, 0.694, 0.409, 0.589, 0.247, 0.318]"
69445,"[6, 0.399, 0.205, 0.685, 0.064, 0.398, 0, 0.961, 0.103, 0.602, 0.164, 0.323, 3, 0.753, 0.936, 0.491, 0.325, 0.097, 1, 0.933, 0.647, 0.695, 0.269, 0.153]"
80060,"[3, 0.301, 0.078, 0.167, 0.08, 0.075, 8, 0.922, 0.9, 0.716, 0.052, 0.057, 6, 0.485, 0.214, 0.193, 0.301, 0.279, 4, 0.914, 0.945, 0.592, 0.094, 0.242]"
96397,"[4, 0.813, 0.56, 0.177, 0.389, 0.284, 1, 0.383, 0.85, 0.46, 0.293, 0.232, 1, 0.336, 0.15, 0.626, 0.093, 0.247, 5, 0.624, 0.506, 0.091, 0.229, 0.176]"
175084,"[8, 0.798, 0.746, 0.111, 0.231, 0.227, 1, 0.384, 0.321, 0.287, 0.08, 0.119, 3, 0.382, 0.612, 0.771, 0.112, 0.144]"
58415,"[3, 0.804, 0.495, 0.076, 0.142, 0.237, 3, 0.675, 0.521, 0.273, 0.173, 0.259, 3, 0.429, 0.398, 0.925, 0.285, 0.264]"
190656,"[8, 0.945, 0.289, 0.372, 0.299, 0.27]"
98965,"[5, 0.86, 0.636, 0.695, 0.121, 0.254]"
44137,"[9, 0.879, 0.059, 0.242, 0.355, 0.327, 1, 0.813, 0.26, 0.269, 0.365, 0.351, 5, 0.372, 0.254, 0.357, 0.14, 0.259, 2, 0.421, 0.514, 0.767, 0.393, 0.062, 0, 0.695, 0.545, 0.805, 0.069, 0.261]"
2979,"[0, 0.313, 0.357, 0.246, 0.129, 0.202]"
127704,"[7, 0.373, 0.529, 0.454, 0.205, 0.397, 1, 0.498, 0.357, 0.095, 0.327, 0.09, 1, 0.626, 0.372, 0.465, 0.305, 0.369]"
40471,[]
167720,[]
33489,"[3, 0.702, 0.057, 0.265, 0.131, 0.306, 3, 0.981, 0.368, 0.417, 0.149, 0.296, 4, 0.571, 0.112, 0.268, 0.217, 0.307, 5, 0.301, 0.886, 0.871, 0.392, 0.221, 5, 0.695, 0.841, 0.672, 0.137, 0.161]"
86159,"[5, 0.57, 0.753, 0.23, 0.06, 0.368, 8, 0.942, 0.114, 0.738, 0.095, 0.227, 4, 0.385, 0.809, 0.709, 0.143, 0.177, 0, 0.344, 0.904, 0.698, 0.277, 0.34, 4, 0.454, 0.905, 0.658, 0.244, 0.262]"
165177,"[3, 0.382, 0.514, 0.424, 0.194, 0.285, 5, 0.367, 0.255, 0.426, 0.297, 0.075, 2, 0.804, 0.412, 0.1, 0.285, 0.087, 0, 0.813, 0.64, 0.129, 0.087, 0.223, 7, 0.386, 0.898, 0.319, 0.224, 0.085]"
118849,"[5, 0.319, 0.92, 0.298, 0.233, 0.261, 4, 0.401, 0.12, 0.882, 0.235, 0.211, 1, 0.984, 0.229, 0.229, 0.371, 0.061]"
60221,"[9, 0.626, 0.707, 0.555, 0.201, 0.174, 5, 0.78, 0.658, 0.761, 0.371, 0.17, 1, 0.947, 0.942, 0.725, 0.295, 0.214, 2, 0.585, 0.072, 0.898, 0.36, 0.382, 2, 0.453, 0.795, 0.254, 0.164, 0.296]"
18885,"[4, 0.313, 0.085, 0.65, 0.357, 0.219]"
44737,"[9, 0.854, 0.55, 0.384, 0.124, 0.253, 5, 0.488, 0.586, 0.491, 0.053, 0.098]"
85115,"[8, 0.334, 0.908, 0.722, 0.172, 0.349, 8, 0.574, 0.39, 0.748, 0.159, 0.062, 8, 0.405, 0.55, 0.491, 0.247, 0.22]"
33441,"[9, 0.837, 0.76, 0.173, 0.07, 0.298, 9, 0.351, 0.578, 0.354, 0.097, 0.114, 6, 0.873, 0.48, 0.33, 0.176, 0.357, 3, 0.722, 0.678, 0.841, 0.119, 0.273]"
98986,"[4, 0.867, 0.459, 0.833, 0.239, 0.196, 7, 0.722, 0.368, 0.351, 0.24, 0.164, 2, 0.535, 0.143, 0.222, 0.174, 0.061]"
193786,"[4, 0.653, 0.123, 0.426, 0.355, 0.226]"
111964,"[3, 0.725, 0.095, 0.172, 0.149, 0.226, 5, 0.744, 0.694, 0.345, 0.298, 0.155, 9, 0.985, 0.233, 0.758, 0.293, 0.114, 9, 0.915, 0.596, 0.387, 0.32, 0.328, 6, 0.588, 0.31, 0.637, 0.251, 0.135]"
42,[]
19689,"[3, 0.472, 0.697, 0.618, 0.27, 0.063, 2, 0.6, 0.75, 0.127, 0.067, 0.155, 1, 0.31, 0.375, 0.341, 0.395, 0.369]"
34066,"[6, 0.971, 0.2, 0.447, 0.254, 0.227, 7, 0.805, 0.587, 0.727, 0.053, 0.264, 9, 0.58, 0.361, 0.181, 0.364, 0.294]"
182146,"[9, 0.517, 0.781, 0.22, 0.194, 0.249, 5, 0.865, 0.576, 0.286, 0.109, 0.377]"
449,"[5, 0.763, 0.366, 0.452, 0.347, 0.35, 7, 0.869, 0.71, 0.391, 0.163, 0.123, 3, 0.643, 0.365, 0.157, 0.341, 0.244, 5, 0.866, 0.836, 0.823, 0.375, 0.196, 1, 0.606, 0.656, 0.766, 0.289, 0.272]"
44421,"[9, 0.85, 0.113, 0.782, 0.165, 0.232, 8, 0.835, 0.436, 0.476, 0.272, 0.087]"
7502,[]
92467,"[9, 0.345, 0.859, 0.496, 0.053, 0.22, 9, 0.678, 0.088, 0.589, 0.126, 0.098, 8, 0.439, 0.572, 0.742, 0.203, 0.116, 9, 0.928, 0.779, 0.338, 0.057, 0.143]"
161917,[]
142573,"[6, 0.378, 0.712, 0.739, 0.136, 0.203, 3, 0.738, 0.514, 0.854, 0.052, 0.298, 2, 0.488, 0.664, 0.769, 0.309, 0.102]"
60266,"[4, 0.654, 0.666, 0.58, 0.217, 0.194]"
8205,"[0, 0.349, 0.858, 0.206, 0.122, 0.15, 9, 0.989, 0.277, 0.13, 0.382, 0.212, 9, 0.501, 0.865, 0.581, 0.066, 0.071, 9, 0.77, 0.378, 0.244, 0.096, 0.132, 1, 0.387, 0.673, 0.587, 0.239, 0.171]"
116947,[]
40023,"[0, 0.731, 0.26, 0.252, 0.394, 0.283, 6, 0.362, 0.528, 0.944, 0.323, 0.261, 7, 0.892, 0.859, 0.172, 0.157, 0.15, 2, 0.307, 0.233, 0.863, 0.166, 0.295]"
152726,"[2, 0.491, 0.828, 0.162, 0.086, 0.222, 8, 0.387, 0.505, 0.181, 0.277, 0.307, 4, 0.545, 0.622, 0.682, 0.179, 0.308, 4, 0.629, 0.465, 0.281, 0.394, 0.13]"
134101,[]
9083,"[2, 0.94, 0.64, 0.875, 0.193, 0.267, 7, 0.447, 0.345, 0.927, 0.304, 0.088, 9, 0.389, 0.236, 0.824, 0.144, 0.389, 1, 0.341, 0.636, 0.853, 0.309, 0.055, 3, 0.514, 0.057, 0.612, 0.29, 0.053]"
190772,"[4, 0.357, 0.329, 0.616, 0.299, 0.294, 7, 0.458, 0.089, 0.196, 0.269, 0.272]"
167653,"[0, 0.792, 0.213, 0.818, 0.366, 0.088, 9, 0.83, 0.341, 0.857, 0.287, 0.336]"
18136,"[5, 0.461, 0.064, 0.723, 0.278, 0.134, 9, 0.784, 0.537, 0.665, 0.178, 0.366, 3, 0.375, 0.823, 0.351, 0.37, 0.297]"
166717,"[9, 0.75, 0.812, 0.546, 0.366, 0.06, 2, 0.916, 0.3, 0.347, 0.092, 0.371, 8, 0.969, 0.941, 0.775, 0.264, 0.153]"
128343,[]
130027,"[0, 0.919, 0.548, 0.298, 0.097, 0.166, 5, 0.337, 0.097, 0.643, 0.333, 0.398, 0, 0.858, 0.167, 0.202, 0.244, 0.257, 1, 0.656, 0.13, 0.23, 0.083, 0.229]"
113476,"[5, 0.642, 0.664, 0.249, 0.379, 0.077, 0, 0.534, 0.201, 0.385, 0.062, 0.152, 6, 0.454, 0.888, 0.61, 0.156, 0.356, 9, 0.698, 0.616, 0.56, 0.177, 0.19, 9, 0.703, 0.242, 0.054, 0.397, 0.076]"
67891,"[7, 0.56, 0.521, 0.145, 0.169, 0.148]"
181777,"[5, 0.791, 0.773, 0.728, 0.276, 0.149, 9, 0.866, 0.584, 0.311, 0.102, 0.386, 0, 0.431, 0.619, 0.682, 0.228, 0.382, 5, 0.872, 0.327, 0.524, 0.094, 0.273]"
108640,"[8, 0.628, 0.927, 0.721, 0.34, 0.314, 0, 0.793, 0.379, 0.547, 0.346, 0.159, 3, 0.915, 0.899, 0.482, 0.301, 0.168]"
79060,[]
116495,"[7, 0.457, 0.312, 0.34, 0.087, 0.116, 3, 0.63, 0.749, 0.453, 0.322, 0.255, 8, 0.636, 0.189, 0.761, 0.246, 0.322]"
17405,"[9, 0.621, 0.221, 0.926, 0.164, 0.092, 5, 0.619, 0.133, 0.083, 0.096, 0.22]"
20526,"[2, 0.442, 0.311, 0.83, 0.368, 0.24, 1, 0.894, 0.568, 0.396, 0.083, 0.098, 5, 0.538, 0.328, 0.144, 0.339, 0.293]"
58253,"[9, 0.782, 0.218, 0.698, 0.075, 0.107, 0, 0.534, 0.683, 0.341, 0.254, 0.191, 8, 0.878, 0.563, 0.62, 0.367, 0.35, 8, 0.432, 0.369, 0.062, 0.293, 0.09, 6, 0.714, 0.839, 0.736, 0.347, 0.311]"
45639,"[0, 0.846, 0.177, 0.706, 0.202, 0.346, 3, 0.88, 0.199, 0.874, 0.23, 0.363, 6, 0.818, 0.22, 0.372, 0.123, 0.393, 8, 0.831, 0.405, 0.704, 0.23, 0.202]"
185581,[]
115659,"[4, 0.573, 0.08, 0.474, 0.116, 0.177, 8, 0.71, 0.699, 0.939, 0.322, 0.073, 9, 0.935, 0.859, 0.737, 0.368, 0.326, 3, 0.768, 0.827, 0.152, 0.131, 0.052, 0, 0.884, 0.199, 0.86, 0.104, 0.349]"
120690,"[7, 0.717, 0.176, 0.717, 0.204, 0.215]"
170336,"[2, 0.583, 0.548, 0.475, 0.093, 0.336, 7, 0.357, 0.734, 0.22, 0.119, 0.384]"
52071,"[8, 0.45, 0.731, 0.212, 0.269, 0.158, 9, 0.652, 0.249, 0.314, 0.195, 0.192, 7, 0.827, 0.895, 0.684, 0.376, 0.375, 0, 0.74, 0.867, 0.897, 0.093, 0.053, 6, 0.623, 0.944, 0.531, 0.271, 0.211]"
83550,"[6, 0.627, 0.743, 0.809, 0.238, 0.294, 7, 0.682, 0.429, 0.17, 0.368, 0.155, 8, 0.304, 0.05, 0.678, 0.271, 0.22, 6, 0.583, 0.685, 0.351, 0.259, 0.235, 0, 0.882, 0.837, 0.303, 0.064, 0.169]"
86349,"[6, 0.856, 0.55, 0.439, 0.259, 0.265, 0, 0.566, 0.868, 0.946, 0.266, 0.26, 7, 0.626, 0.796, 0.63, 0.253, 0.3, 5, 0.9, 0.177, 0.754, 0.3, 0.056]"
15030,"[0, 0.679, 0.488, 0.246, 0.189, 0.166, 1, 0.648, 0.535, 0.267, 0.338, 0.287, 1, 0.343, 0.606, 0.688, 0.111, 0.389, 4, 0.77, 0.835, 0.874, 0.255, 0.317, 3, 0.633, 0.646, 0.299, 0.244, 0.203]"
105606,"[5, 0.451, 0.58, 0.209, 0.142, 0.185]"
138420,"[5, 0.367, 0.734, 0.375, 0.341, 0.067]"
64292,"[0, 0.353, 0.23, 0.918, 0.274, 0.319, 4, 0.89, 0.408, 0.391, 0.269, 0.084]"
187099,"[4, 0.641, 0.347, 0.739, 0.332, 0.169, 1, 0.671, 0.637, 0.862, 0.319, 0.288]"
44651,[]
1372,"[4, 0.518, 0.062, 0.121, 0.079, 0.105, 5, 0.534, 0.42, 0.624, 0.166, 0.139, 0, 0.562, 0.15, 0.065, 0.129, 0.142, 4, 0.902, 0.253, 0.948, 0.348, 0.166, 8, 0.495, 0.439, 0.77, 0.163, 0.158]"
70107,"[2, 0.823, 0.76, 0.884, 0.227, 0.07, 3, 0.542, 0.479, 0.445, 0.231, 0.281, 4, 0.467, 0.714, 0.832, 0.088, 0.142, 4, 0.665, 0.221, 0.11, 0.272, 0.082]"
67514,"[4, 0.947, 0.935, 0.115, 0.089, 0.249]"
21061,"[4, 0.604, 0.178, 0.84, 0.334, 0.219]"
56351,"[2, 0.412, 0.626, 0.13, 0.178, 0.209, 4, 0.538, 0.926, 0.906, 0.283, 0.055, 7, 0.734, 0.076, 0.611, 0.056, 0.292, 9, 0.42, 0.738, 0.329, 0.204, 0.226, 8, 0.672, 0.854, 0.129, 0.197, 0.302]"
27353,"[1, 0.725, 0.534, 0.655, 0.082, 0.128, 5, 0.419, 0.478, 0.103, 0.169, 0.281, 3, 0.316, 0.91, 0.664, 0.359, 0.148, 7, 0.611, 0.312, 0.084, 0.164, 0.338, 4, 0.389, 0.597, 0.503, 0.396, 0.113]"
105861,"[0, 0.494, 0.42, 0.281, 0.09, 0.384, 7, 0.655, 0.142, 0.71, 0.166, 0.16]"
66193,"[8, 0.759, 0.178, 0.611, 0.166, 0.063]"
169934,"[1, 0.613, 0.264, 0.562, 0.392, 0.273, 9, 0.42, 0.53, 0.342, 0.22, 0.124, 4, 0.66, 0.598, 0.359, 0.229, 0.352, 3, 0.892, 0.514, 0.267, 0.348, 0.19, 5, 0.331, 0.432, 0.526, 0.329, 0.367]"
10084,"[1, 0.809, 0.779, 0.431, 0.361, 0.298, 4, 0.554, 0.213, 0.711, 0.182, 0.261, 0, 0.488, 0.641, 0.322, 0.312, 0.257, 6, 0.465, 0.59, 0.222, 0.074, 0.227]"
38150,[]
49708,"[6, 0.329, 0.476, 0.757, 0.081, 0.195, 4, 0.353, 0.087, 0.523, 0.238, 0.335, 5, 0.398, 0.352, 0.936, 0.211, 0.264, 2, 0.42, 0.851, 0.305, 0.103, 0.357]"
187484,"[2, 0.925, 0.855, 0.366, 0.38, 0.066]"
3405,"[9, 0.617, 0.106, 0.807, 0.17, 0.343, 6, 0.97, 0.068, 0.104, 0.171, 0.064]"
97591,[]
176747,"[2, 0.684, 0.367, 0.675, 0.236, 0.134]"
147906,"[0, 0.651, 0.52, 0.097, 0.071, 0.098, 3, 0.468, 0.524, 0.763, 0.251, 0.095, 9, 0.323, 0.746, 0.748, 0.237, 0.09, 5, 0.305, 0.919, 0.577, 0.229, 0.343]"
51534,"[4, 0.797, 0.816, 0.232, 0.378, 0.158, 0, 0.964, 0.072, 0.283, 0.225, 0.097]"
1495,"[3, 0.45, 0.061, 0.22, 0.335, 0.184, 2, 0.673, 0.842, 0.542, 0.076, 0.299, 5, 0.542, 0.668, 0.207, 0.363, 0.375, 4, 0.646, 0.334, 0.663, 0.379, 0.23]"
118582,"[0, 0.828, 0.803, 0.183, 0.356, 0.08, 0, 0.415, 0.159, 0.846, 0.103, 0.171, 2, 0.663, 0.317, 0.854, 0.372, 0.365]"
150850,"[6, 0.484, 0.477, 0.167, 0.054, 0.078, 9, 0.918, 0.5, 0.81, 0.379, 0.272, 4, 0.578, 0.24, 0.498, 0.118, 0.334]"
113922,"[4, 0.81, 0.197, 0.927, 0.063, 0.184, 8, 0.465, 0.551, 0.689, 0.082, 0.156, 3, 0.784, 0.448, 0.626, 0.091, 0.394]"
104193,"[6, 0.712, 0.794, 0.13, 0.103, 0.091, 0, 0.778, 0.138, 0.886, 0.19, 0.379, 7, 0.968, 0.74, 0.847, 0.072, 0.393, 0, 0.751, 0.578, 0.718, 0.164, 0.286]"
2409,[]
175802,"[0, 0.862, 0.638, 0.25, 0.311, 0.123, 8, 0.75, 0.441, 0.915, 0.084, 0.298, 4, 0.837, 0.278, 0.261, 0.179, 0.261, 1, 0.444, 0.114, 0.833, 0.391, 0.252, 5, 0.696, 0.581, 0.45, 0.141, 0.123]"
105653,"[8, 0.357, 0.722, 0.561, 0.356, 0.299, 1, 0.684, 0.589, 0.51, 0.37, 0.151, 3, 0.643, 0.686, 0.314, 0.351, 0.349]"
37584,[]
58068,"[6, 0.318, 0.735, 0.943, 0.257, 0.111, 8, 0.915, 0.162, 0.249, 0.242, 0.117, 7, 0.848, 0.762, 0.388, 0.118, 0.085]"
190705,"[3, 0.605, 0.894, 0.436, 0.232, 0.057]"
14613,"[6, 0.396, 0.508, 0.631, 0.069, 0.316, 6, 0.491, 0.71, 0.793, 0.138, 0.324, 0, 0.928, 0.699, 0.331, 0.189, 0.27, 2, 0.368, 0.285, 0.719, 0.259, 0.2, 3, 0.338, 0.338, 0.214, 0.332, 0.061]"
186123,"[8, 0.719, 0.948, 0.592, 0.272, 0.346]"
81466,"[7, 0.618, 0.098, 0.65, 0.336, 0.306]"
20981,"[1, 0.659, 0.532, 0.852, 0.291, 0.247, 7, 0.341, 0.781, 0.422, 0.061, 0.305, 4, 0.719, 0.321, 0.907, 0.101, 0.066, 9, 0.435, 0.659, 0.413, 0.146, 0.132]"
183366,[]
165390,"[5, 0.326, 0.653, 0.275, 0.397, 0.284, 5, 0.394, 0.443, 0.268, 0.282, 0.064]"
184668,"[8, 0.38, 0.566, 0.289, 0.145, 0.078, 0, 0.677, 0.929, 0.138, 0.124, 0.364, 3, 0.786, 0.333, 0.872, 0.152, 0.116]"
34,"[6, 0.611, 0.583, 0.39, 0.122, 0.145, 8, 0.355, 0.833, 0.745, 0.373, 0.163, 3, 0.91, 0.383, 0.125, 0.218, 0.29, 3, 0.95, 0.384, 0.456, 0.275, 0.176, 3, 0.355, 0.151, 0.756, 0.281, 0.38]"
18525,"[5, 0.894, 0.381, 0.874, 0.115, 0.388, 7, 0.77, 0.132, 0.129, 0.158, 0.392, 3, 0.672, 0.399, 0.944, 0.163, 0.155]"
90855,"[5, 0.351, 0.855, 0.674, 0.133, 0.33, 3, 0.334, 0.063, 0.185, 0.115, 0.099, 7, 0.355, 0.641, 0.055, 0.097, 0.176, 8, 0.95, 0.373, 0.702, 0.156, 0.224]"
189227,"[2, 0.479, 0.171, 0.171, 0.064, 0.111]"
79881,"[9, 0.68, 0.254, 0.374, 0.39, 0.06, 8, 0.339, 0.216, 0.448, 0.369, 0.079, 5, 0.609, 0.282, 0.503, 0.35, 0.084, 7, 0.774, 0.862, 0.294, 0.087, 0.203]"
85649,"[1, 0.645, 0.502, 0.548, 0.15, 0.099, 8, 0.396, 0.65, 0.185, 0.205, 0.088]"
190057,"[8, 0.793, 0.217, 0.137, 0.143, 0.253, 8, 0.701, 0.494, 0.501, 0.289, 0.051]"
32380,"[2, 0.356, 0.897, 0.169, 0.213, 0.364, 1, 0.949, 0.885, 0.212, 0.35, 0.37, 1, 0.677, 0.209, 0.588, 0.239, 0.224, 7, 0.492, 0.734, 0.327, 0.118, 0.299]"
168950,"[9, 0.402, 0.215, 0.165, 0.102, 0.389]"
187833,"[6, 0.822, 0.358, 0.199, 0.237, 0.327, 1, 0.869, 0.325, 0.421, 0.349, 0.303]"
3396,"[1, 0.574, 0.513, 0.54, 0.128, 0.37, 0, 0.732, 0.275, 0.094, 0.394, 0.151, 8, 0.466, 0.075, 0.459, 0.349, 0.072]"
171738,"[2, 0.741, 0.342, 0.245, 0.08, 0.131, 6, 0.7, 0.25, 0.516, 0.196, 0.285, 5, 0.685, 0.662, 0.539, 0.3, 0.166, 0, 0.34, 0.884, 0.79, 0.182, 0.079, 6, 0.715, 0.843, 0.585, 0.372, 0.316]"
175372,[]
117111,"[9, 0.845, 0.123, 0.564, 0.28, 0.31, 9, 0.806, 0.461, 0.256, 0.345, 0.142]"
14969,"[2, 0.514, 0.234, 0.609, 0.117, 0.378, 1, 0.382, 0.706, 0.839, 0.297, 0.073]"
154943,[]
1880,"[3, 0.505, 0.144, 0.297, 0.39, 0.111, 0, 0.723, 0.146, 0.707, 0.313, 0.139, 6, 0.678, 0.133, 0.335, 0.247, 0.098]"
112680,"[0, 0.545, 0.568, 0.251, 0.194, 0.319, 7, 0.503, 0.127, 0.269, 0.05, 0.356, 5, 0.656, 0.92, 0.459, 0.386, 0.264, 6, 0.716, 0.51, 0.916, 0.052, 0.128]"
109746,"[1, 0.99, 0.524, 0.143, 0.327, 0.383, 4, 0.949, 0.405, 0.887, 0.363, 0.315]"
86522,"[2, 0.882, 0.193, 0.558, 0.064, 0.146, 7, 0.828, 0.445, 0.479, 0.148, 0.133, 5, 0.383, 0.924, 0.052, 0.136, 0.259, 2, 0.795, 0.207, 0.669, 0.221, 0.191]"
119093,"[8, 0.84, 0.641, 0.462, 0.194, 0.224, 6, 0.884, 0.348, 0.687, 0.114, 0.118]"
139559,"[6, 0.901, 0.525, 0.389, 0.076, 0.293, 3, 0.657, 0.581, 0.112, 0.136, 0.077]"
186514,"[6, 0.749, 0.567, 0.805, 0.191, 0.273, 9, 0.368, 0.463, 0.443, 0.26, 0.263, 9, 0.957, 0.578, 0.149, 0.216, 0.357, 8, 0.453, 0.888, 0.633, 0.313, 0.163]"
28216,"[9, 0.744, 0.703, 0.411, 0.373, 0.207]"
60472,"[6, 0.923, 0.058, 0.394, 0.151, 0.074, 9, 0.485, 0.725, 0.368, 0.087, 0.236, 5, 0.973, 0.713, 0.42, 0.32, 0.166, 5, 0.362, 0.288, 0.84, 0.233, 0.077, 9, 0.372, 0.844, 0.929, 0.208, 0.193]"
1361,"[6, 0.856, 0.642, 0.925, 0.259, 0.173]"
192306,[]
114150,"[1, 0.413, 0.583, 0.111, 0.176, 0.244, 2, 0.386, 0.583, 0.803, 0.292, 0.382, 0, 0.701, 0.488, 0.716, 0.382, 0.308, 2, 0.643, 0.093, 0.249, 0.397, 0.205, 9, 0.5, 0.885, 0.713, 0.303, 0.19]"
79342,"[7, 0.96, 0.295, 0.526, 0.216, 0.1]"
91366,"[4, 0.488, 0.889, 0.052, 0.081, 0.351, 5, 0.945, 0.163, 0.739, 0.14, 0.114, 6, 0.648, 0.685, 0.829, 0.378, 0.386]"
84523,"[3, 0.785, 0.119, 0.606, 0.055, 0.184, 9, 0.378, 0.215, 0.234, 0.308, 0.304, 1, 0.986, 0.114, 0.249, 0.151, 0.153, 1, 0.43, 0.226, 0.388, 0.369, 0.345, 7, 0.542, 0.796, 0.918, 0.249, 0.399]"
27901,[]
71395,"[0, 0.488, 0.332, 0.871, 0.349, 0.299]"
183103,"[7, 0.511, 0.693, 0.462, 0.334, 0.156, 2, 0.927, 0.877, 0.172, 0.062, 0.187, 3, 0.406, 0.812, 0.344, 0.394, 0.321]"
99557,"[3, 0.498, 0.674, 0.303, 0.152, 0.317, 0, 0.377, 0.931, 0.276, 0.256, 0.182, 7, 0.902, 0.597, 0.332, 0.358, 0.06, 4, 0.301, 0.638, 0.627, 0.148, 0.236, 4, 0.477, 0.482, 0.856, 0.331, 0.114]"
93834,[]
10466,"[6, 0.535, 0.525, 0.783, 0.236, 0.221]"
188983,"[4, 0.43, 0.084, 0.384, 0.234, 0.349, 0, 0.435, 0.247, 0.921, 0.093, 0.198, 6, 0.845, 0.95, 0.79, 0.197, 0.073, 2, 0.963, 0.716, 0.353, 0.3, 0.335, 8, 0.406, 0.879, 0.394, 0.341, 0.246]"
181018,"[7, 0.407, 0.874, 0.422, 0.243, 0.165, 1, 0.859, 0.614, 0.063, 0.33, 0.22]"
31444,[]
63177,"[4, 0.813, 0.844, 0.145, 0.263, 0.348, 2, 0.66, 0.253, 0.928, 0.379, 0.181]"
61828,"[4, 0.909, 0.263, 0.198, 0.137, 0.397, 2, 0.368, 0.388, 0.506, 0.066, 0.144, 7, 0.796, 0.945, 0.783, 0.136, 0.116, 2, 0.608, 0.94, 0.307, 0.379, 0.161]"
178196,"[7, 0.693, 0.111, 0.222, 0.083, 0.144, 8, 0.5, 0.386, 0.709, 0.164, 0.087, 4, 0.809, 0.904, 0.064, 0.246, 0.2, 9, 0.967, 0.755, 0.512, 0.135, 0.188]"
174659,"[9, 0.798, 0.165, 0.808, 0.384, 0.057]"
10226,"[0, 0.87, 0.19, 0.333, 0.063, 0.12, 4, 0.414, 0.932, 0.839, 0.357, 0.099, 6, 0.837, 0.581, 0.326, 0.097, 0.205]"
57685,"[6, 0.562, 0.534, 0.404, 0.08, 0.089, 2, 0.332, 0.447, 0.732, 0.298, 0.262, 2, 0.319, 0.806, 0.896, 0.338, 0.288, 9, 0.565, 0.941, 0.73, 0.337, 0.208]"
115471,"[9, 0.402, 0.276, 0.79, 0.221, 0.26, 1, 0.834, 0.777, 0.119, 0.093, 0.122, 7, 0.392, 0.243, 0.305, 0.197, 0.091, 0, 0.331, 0.212, 0.526, 0.236, 0.174, 0, 0.9, 0.124, 0.69, 0.082, 0.14]"
27621,"[0, 0.486, 0.116, 0.327, 0.22, 0.194]"
124296,[]
190541,"[9, 0.748, 0.486, 0.441, 0.102, 0.212, 3, 0.508, 0.602, 0.676, 0.101, 0.055, 1, 0.616, 0.491, 0.214, 0.257, 0.196, 3, 0.827, 0.46, 0.628, 0.21, 0.165]"
6288,"[4, 0.807, 0.488, 0.083, 0.075, 0.247, 1, 0.739, 0.102, 0.835, 0.315, 0.203]"
49379,"[5, 0.467, 0.596, 0.16, 0.26, 0.18, 1, 0.975, 0.82, 0.428, 0.352, 0.247, 1, 0.584, 0.41, 0.514, 0.152, 0.07]"
121133,"[6, 0.88, 0.529, 0.322, 0.395, 0.064, 4, 0.761, 0.438, 0.775, 0.117, 0.082, 5, 0.359, 0.846, 0.383, 0.215, 0.392, 5, 0.393, 0.575, 0.646, 0.346, 0.187]"
188476,"[8, 0.388, 0.864, 0.713, 0.386, 0.305]"
67987,"[6, 0.345, 0.682, 0.228, 0.105, 0.356, 5, 0.624, 0.755, 0.408, 0.216, 0.331, 3, 0.532, 0.648, 0.351, 0.231, 0.194]"
32309,"[0, 0.858, 0.423, 0.726, 0.378, 0.221]"
182399,"[3, 0.367, 0.749, 0.702, 0.153, 0.255, 5, 0.394, 0.727, 0.229, 0.367, 0.053, 8, 0.66, 0.199, 0.246, 0.258, 0.142, 5, 0.696, 0.55, 0.112, 0.312, 0.083]"
110249,"[5, 0.652, 0.362, 0.705, 0.131, 0.264]"
78736,"[4, 0.382, 0.271, 0.11, 0.254, 0.215, 9, 0.695, 0.125, 0.841, 0.111, 0.256, 4, 0.406, 0.631, 0.385, 0.29, 0.237]"
9267,"[8, 0.816, 0.451, 0.329, 0.331, 0.284, 2, 0.667, 0.656, 0.756, 0.064, 0.098]"
47557,"[8, 0.968, 0.383, 0.864, 0.366, 0.129, 3, 0.967, 0.634, 0.43, 0.356, 0.293, 1, 0.487, 0.166, 0.17, 0.338, 0.395, 1, 0.35, 0.782, 0.362, 0.119, 0.121, 2, 0.901, 0.116, 0.188, 0.136, 0.395]"
87956,[]
168245,"[9, 0.37, 0.828, 0.382, 0.296, 0.201, 7, 0.55, 0.34, 0.76, 0.149, 0.222]"
194423,"[3, 0.673, 0.532, 0.379, 0.06, 0.165, 0, 0.93, 0.072, 0.51, 0.104, 0.205, 4, 0.91, 0.176, 0.702, 0.095, 0.202, 3, 0.474, 0.124, 0.25, 0.317, 0.24]"
61494,[]
11881,[]
134447,"[1, 0.67, 0.156, 0.643, 0.176, 0.101, 1, 0.436, 0.607, 0.895, 0.145, 0.177, 9, 0.86, 0.668, 0.284, 0.391, 0.209, 5, 0.936, 0.188, 0.384, 0.158, 0.277, 8, 0.43, 0.053, 0.937, 0.052, 0.137]"
13469,[]
38144,"[8, 0.31, 0.777, 0.793, 0.163, 0.347, 2, 0.412, 0.629, 0.64, 0.382, 0.319]"
58063,"[6, 0.721, 0.211, 0.779, 0.081, 0.197]"
110461,"[0, 0.537, 0.704, 0.447, 0.321, 0.255, 2, 0.768, 0.123, 0.202, 0.251, 0.302, 7, 0.546, 0.285, 0.099, 0.353, 0.219, 1, 0.431, 0.509, 0.639, 0.238, 0.392]"
144883,"[0, 0.371, 0.322, 0.517, 0.274, 0.221, 8, 0.355, 0.941, 0.603, 0.153, 0.213, 7, 0.89, 0.631, 0.52, 0.374, 0.363]"
34984,"[1, 0.829, 0.462, 0.056, 0.173, 0.306, 5, 0.82, 0.642, 0.579, 0.284, 0.07, 9, 0.438, 0.159, 0.338, 0.176, 0.293, 3, 0.806, 0.575, 0.391, 0.071, 0.062, 5, 0.318, 0.783, 0.171, 0.362, 0.222]"
187530,"[2, 0.47, 0.404, 0.916, 0.382, 0.335, 6, 0.964, 0.587, 0.159, 0.189, 0.159, 4, 0.674, 0.422, 0.787, 0.073, 0.358, 1, 0.535, 0.142, 0.336, 0.383, 0.069]"
15222,"[3, 0.395, 0.152, 0.233, 0.258, 0.201]"
86234,"[0, 0.716, 0.108, 0.371, 0.133, 0.268]"
76099,"[6, 0.774, 0.448, 0.504, 0.279, 0.246, 7, 0.366, 0.087, 0.157, 0.287, 0.196, 4, 0.618, 0.345, 0.516, 0.228, 0.091]"
52345,"[6, 0.765, 0.542, 0.881, 0.321, 0.182, 5, 0.958, 0.31, 0.215, 0.287, 0.207]"
81763,[]
148300,"[0, 0.479, 0.558, 0.401, 0.298, 0.113, 1, 0.757, 0.519, 0.511, 0.179, 0.262, 0, 0.622, 0.32, 0.61, 0.127, 0.236, 8, 0.874, 0.39, 0.139, 0.263, 0.252, 6, 0.702, 0.777, 0.923, 0.176, 0.054]"
148920,"[1, 0.451, 0.918, 0.621, 0.358, 0.12]"
48051,"[8, 0.56, 0.678, 0.203, 0.126, 0.238, 2, 0.402, 0.059, 0.624, 0.2, 0.122]"
170021,"[0, 0.783, 0.582, 0.075, 0.149, 0.281, 8, 0.621, 0.322, 0.644, 0.302, 0.275]"
103060,"[4, 0.775, 0.405, 0.927, 0.385, 0.123, 5, 0.489, 0.906, 0.628, 0.217, 0.09, 0, 0.637, 0.23, 0.394, 0.291, 0.255, 7, 0.729, 0.284, 0.42, 0.215, 0.085, 5, 0.8, 0.08, 0.058, 0.22, 0.054]"
161007,"[6, 0.563, 0.299, 0.819, 0.293, 0.112, 6, 0.863, 0.413, 0.286, 0.352, 0.073, 2, 0.964, 0.891, 0.608, 0.093, 0.083]"
15799,"[6, 0.952, 0.863, 0.682, 0.143, 0.353, 2, 0.609, 0.515, 0.245, 0.179, 0.334, 2, 0.489, 0.436, 0.837, 0.38, 0.101, 2, 0.881, 0.84, 0.849, 0.083, 0.22, 3, 0.892, 0.609, 0.223, 0.171, 0.145]"
92878,[]
14624,"[9, 0.972, 0.13, 0.627, 0.271, 0.351, 9, 0.62, 0.365, 0.839, 0.213, 0.105, 0, 0.469, 0.38, 0.498, 0.183, 0.328, 0, 0.383, 0.28, 0.913, 0.218, 0.29, 3, 0.701, 0.484, 0.942, 0.213, 0.368]"
176489,"[5, 0.303, 0.839, 0.155, 0.107, 0.363]"
25189,"[2, 0.305, 0.907, 0.78, 0.202, 0.223, 7, 0.459, 0.374, 0.22, 0.085, 0.123, 4, 0.401, 0.535, 0.594, 0.133, 0.1, 3, 0.369, 0.626, 0.907, 0.387, 0.122, 3, 0.55, 0.427, 0.216, 0.14, 0.208]"
36114,[]
103789,"[1, 0.54, 0.276, 0.868, 0.198, 0.305, 0, 0.673, 0.494, 0.325, 0.339, 0.244]"
169516,[]
185849,"[1, 0.914, 0.257, 0.575, 0.345, 0.28, 3, 0.914, 0.786, 0.096, 0.235, 0.368, 4, 0.704, 0.762, 0.239, 0.209, 0.098, 1, 0.534, 0.492, 0.552, 0.166, 0.149]"
45296,"[5, 0.86, 0.461, 0.149, 0.397, 0.255, 6, 0.728, 0.418, 0.677, 0.145, 0.186, 9, 0.536, 0.549, 0.446, 0.187, 0.333, 8, 0.401, 0.114, 0.453, 0.148, 0.264]"
151449,[]
106225,[]
6124,"[7, 0.844, 0.712, 0.527, 0.219, 0.285, 4, 0.801, 0.171, 0.262, 0.202, 0.116, 9, 0.623, 0.624, 0.559, 0.168, 0.252]"
186431,"[4, 0.78, 0.632, 0.554, 0.215, 0.148, 6, 0.306, 0.497, 0.36, 0.191, 0.151, 6, 0.627, 0.089, 0.611, 0.185, 0.389, 2, 0.971, 0.678, 0.127, 0.332, 0.389]"
182095,"[4, 0.854, 0.868, 0.063, 0.352, 0.209, 5, 0.721, 0.284, 0.777, 0.346, 0.303, 5, 0.677, 0.171, 0.935, 0.362, 0.221, 5, 0.853, 0.122, 0.144, 0.314, 0.187]"
16117,"[1, 0.843, 0.891, 0.136, 0.094, 0.359, 3, 0.652, 0.727, 0.354, 0.36, 0.334, 8, 0.455, 0.244, 0.347, 0.352, 0.072, 5, 0.548, 0.103, 0.064, 0.266, 0.108]"
53145,[]
180017,"[8, 0.968, 0.667, 0.864, 0.174, 0.261, 1, 0.766, 0.061, 0.848, 0.368, 0.338, 6, 0.557, 0.45, 0.131, 0.316, 0.201, 5, 0.863, 0.619, 0.211, 0.364, 0.086, 5, 0.461, 0.72, 0.875, 0.066, 0.116]"
48288,"[3, 0.334, 0.796, 0.565, 0.309, 0.203, 1, 0.95, 0.593, 0.323, 0.114, 0.211, 1, 0.902, 0.677, 0.44, 0.211, 0.361, 8, 0.594, 0.582, 0.449, 0.326, 0.307, 5, 0.543, 0.516, 0.595, 0.126, 0.364]"
44437,"[6, 0.573, 0.289, 0.266, 0.349, 0.318]"
23236,"[3, 0.5, 0.654, 0.94, 0.328, 0.222, 7, 0.886, 0.915, 0.219, 0.287, 0.084, 7, 0.527, 0.099, 0.844, 0.051, 0.171]"
29809,"[8, 0.591, 0.347, 0.439, 0.302, 0.302]"
180688,"[6, 0.847, 0.499, 0.783, 0.181, 0.185, 7, 0.524, 0.765, 0.332, 0.262, 0.195, 7, 0.849, 0.908, 0.072, 0.352, 0.183, 7, 0.916, 0.911, 0.56, 0.157, 0.176]"
80439,"[9, 0.39, 0.075, 0.169, 0.354, 0.061]"
181469,"[4, 0.404, 0.222, 0.135, 0.114, 0.167, 1, 0.887, 0.601, 0.344, 0.395, 0.35, 7, 0.747, 0.604, 0.229, 0.132, 0.202]"
46873,"[6, 0.612, 0.586, 0.653, 0.381, 0.154, 2, 0.968, 0.774, 0.91, 0.321, 0.094, 6, 0.594, 0.823, 0.504, 0.173, 0.208, 8, 0.454, 0.216, 0.163, 0.067, 0.234, 7, 0.785, 0.267, 0.207, 0.283, 0.054]"
36436,"[6, 0.355, 0.483, 0.697, 0.33, 0.069, 7, 0.78, 0.942, 0.505, 0.109, 0.171, 7, 0.95, 0.742, 0.77, 0.3, 0.339]"
71912,"[8, 0.961, 0.087, 0.453, 0.107, 0.362]"
134423,[]
192552,"[6, 0.982, 0.279, 0.616, 0.296, 0.102, 0, 0.837, 0.885, 0.52, 0.164, 0.25, 0, 0.55, 0.527, 0.1, 0.29, 0.107, 5, 0.536, 0.363, 0.923, 0.113, 0.204]"
182255,"[9, 0.396, 0.771, 0.293, 0.101, 0.365]"
173618,"[4, 0.537, 0.775, 0.375, 0.083, 0.087, 3, 0.801, 0.444, 0.36, 0.327, 0.148, 6, 0.32, 0.092, 0.398, 0.255, 0.18]"
40949,[]
146679,"[8, 0.849, 0.573, 0.331, 0.163, 0.326, 7, 0.979, 0.789, 0.808, 0.053, 0.268]"
56322,"[5, 0.865, 0.061, 0.173, 0.249, 0.174, 5, 0.91, 0.642, 0.416, 0.249, 0.379, 5, 0.534, 0.509, 0.259, 0.316, 0.352, 0, 0.785, 0.131, 0.316, 0.301, 0.122, 4, 0.844, 0.239, 0.618, 0.076, 0.109]"
94547,"[9, 0.678, 0.389, 0.362, 0.207, 0.119, 2, 0.462, 0.802, 0.29, 0.217, 0.256]"
125865,"[4, 0.518, 0.417, 0.403, 0.102, 0.262, 5, 0.71, 0.24, 0.633, 0.26, 0.052]"
1534,"[5, 0.402, 0.91, 0.545, 0.279, 0.154, 2, 0.309, 0.105, 0.747, 0.114, 0.311, 2, 0.881, 0.817, 0.536, 0.077, 0.37, 0, 0.8, 0.404, 0.555, 0.303, 0.09, 7, 0.911, 0.636, 0.232, 0.185, 0.136]"
46463,"[6, 0.71, 0.836, 0.312, 0.128, 0.271, 3, 0.615, 0.778, 0.185, 0.132, 0.242, 8, 0.61, 0.059, 0.68, 0.321, 0.264, 9, 0.875, 0.123, 0.181, 0.12, 0.13]"
61911,[]
89939,"[6, 0.676, 0.171, 0.916, 0.321, 0.239, 4, 0.868, 0.358, 0.942, 0.064, 0.322, 5, 0.512, 0.469, 0.622, 0.303, 0.319, 1, 0.622, 0.116, 0.115, 0.073, 0.291, 1, 0.783, 0.946, 0.661, 0.163, 0.102]"
53137,[]
52059,"[4, 0.906, 0.407, 0.667, 0.309, 0.211, 0, 0.659, 0.763, 0.756, 0.366, 0.2, 5, 0.877, 0.422, 0.729, 0.189, 0.053]"
53715,"[8, 0.982, 0.257, 0.304, 0.119, 0.094, 1, 0.587, 0.573, 0.352, 0.088, 0.115, 8, 0.771, 0.066, 0.056, 0.269, 0.198]"
145714,"[1, 0.939, 0.115, 0.285, 0.364, 0.066]"
161787,"[8, 0.939, 0.394, 0.618, 0.1, 0.318, 1, 0.922, 0.686, 0.768, 0.243, 0.107, 6, 0.811, 0.539, 0.058, 0.126, 0.295, 4, 0.696, 0.085, 0.447, 0.362, 0.326, 4, 0.613, 0.358, 0.943, 0.233, 0.196]"
94218,[]
14690,"[0, 0.529, 0.312, 0.516, 0.338, 0.278, 7, 0.888, 0.175, 0.46, 0.225, 0.201, 3, 0.641, 0.083, 0.118, 0.176, 0.286, 1, 0.344, 0.642, 0.757, 0.351, 0.138]"
33264,[]
8732,"[8, 0.556, 0.79, 0.19, 0.209, 0.399, 9, 0.69, 0.583, 0.292, 0.142, 0.343]"
164607,[]
190557,"[2, 0.427, 0.826, 0.909, 0.06, 0.349, 4, 0.805, 0.394, 0.875, 0.112, 0.265, 2, 0.335, 0.107, 0.059, 0.304, 0.359, 8, 0.907, 0.2, 0.851, 0.269, 0.205]"
75909,"[3, 0.725, 0.786, 0.236, 0.35, 0.074]"
101304,"[8, 0.818, 0.925, 0.149, 0.094, 0.176, 6, 0.76, 0.899, 0.057, 0.077, 0.365, 0, 0.569, 0.572, 0.252, 0.119, 0.116, 3, 0.659, 0.948, 0.57, 0.212, 0.077, 6, 0.398, 0.565, 0.54, 0.067, 0.202]"
39385,"[3, 0.7, 0.544, 0.543, 0.233, 0.204]"
74956,"[3, 0.626, 0.398, 0.447, 0.344, 0.051, 0, 0.446, 0.113, 0.827, 0.268, 0.386]"
114887,"[9, 0.675, 0.442, 0.145, 0.147, 0.143, 5, 0.308, 0.758, 0.603, 0.347, 0.112, 4, 0.367, 0.607, 0.204, 0.147, 0.339, 6, 0.926, 0.059, 0.665, 0.349, 0.09]"
48949,"[8, 0.835, 0.566, 0.185, 0.171, 0.332, 4, 0.831, 0.692, 0.401, 0.343, 0.253, 0, 0.382, 0.07, 0.456, 0.252, 0.209, 8, 0.368, 0.601, 0.297, 0.383, 0.084, 0, 0.663, 0.183, 0.124, 0.357, 0.057]"
192803,[]
97343,"[3, 0.815, 0.332, 0.253, 0.23, 0.098, 9, 0.662, 0.477, 0.165, 0.399, 0.066, 7, 0.764, 0.401, 0.243, 0.266, 0.314]"
7998,"[4, 0.687, 0.39, 0.866, 0.353, 0.052]"
70017,"[7, 0.478, 0.924, 0.207, 0.132, 0.267, 3, 0.503, 0.801, 0.402, 0.314, 0.08, 5, 0.742, 0.474, 0.233, 0.19, 0.165, 1, 0.742, 0.159, 0.307, 0.194, 0.344, 6, 0.626, 0.05, 0.437, 0.141, 0.169]"
97943,[]
139163,[]
32751,"[5, 0.604, 0.798, 0.316, 0.24, 0.305, 2, 0.599, 0.89, 0.058, 0.098, 0.137, 3, 0.303, 0.528, 0.402, 0.118, 0.235]"
46428,"[2, 0.694, 0.552, 0.838, 0.365, 0.05, 7, 0.922, 0.352, 0.669, 0.199, 0.163, 1, 0.407, 0.76, 0.554, 0.21, 0.127, 6, 0.816, 0.113, 0.73, 0.367, 0.114]"
187332,"[7, 0.968, 0.439, 0.445, 0.116, 0.274]"
57846,"[3, 0.401, 0.38, 0.728, 0.228, 0.243]"
14698,"[2, 0.714, 0.789, 0.355, 0.175, 0.341]"
175150,"[3, 0.363, 0.677, 0.901, 0.117, 0.149, 1, 0.7, 0.294, 0.055, 0.129, 0.335, 0, 0.913, 0.228, 0.337, 0.136, 0.348]"
48938,"[7, 0.836, 0.432, 0.617, 0.295, 0.332]"
105683,"[3, 0.91, 0.593, 0.593, 0.162, 0.109, 9, 0.897, 0.714, 0.108, 0.168, 0.38, 6, 0.536, 0.094, 0.434, 0.168, 0.288]"
188270,"[4, 0.6, 0.134, 0.562, 0.194, 0.204, 1, 0.916, 0.404, 0.598, 0.389, 0.251, 8, 0.622, 0.629, 0.068, 0.372, 0.184, 2, 0.512, 0.767, 0.25, 0.16, 0.312]"
91736,"[6, 0.672, 0.482, 0.511, 0.129, 0.227, 3, 0.477, 0.874, 0.178, 0.193, 0.194]"
114635,"[7, 0.576, 0.264, 0.654, 0.064, 0.214, 8, 0.621, 0.3, 0.223, 0.2, 0.235, 3, 0.326, 0.238, 0.488, 0.27, 0.074, 9, 0.54, 0.449, 0.562, 0.269, 0.292, 0, 0.416, 0.642, 0.607, 0.254, 0.201]"
63548,[]
189146,"[2, 0.791, 0.187, 0.6, 0.225, 0.062]"
94570,[]
109496,"[4, 0.581, 0.929, 0.46, 0.192, 0.135, 5, 0.8, 0.455, 0.588, 0.084, 0.099, 7, 0.719, 0.382, 0.665, 0.211, 0.195, 5, 0.799, 0.361, 0.649, 0.149, 0.286]"
168749,"[6, 0.836, 0.557, 0.729, 0.095, 0.286, 0, 0.982, 0.669, 0.726, 0.089, 0.129, 1, 0.907, 0.412, 0.261, 0.127, 0.383]"
167717,"[8, 0.518, 0.872, 0.644, 0.085, 0.389]"
177135,"[3, 0.488, 0.392, 0.645, 0.339, 0.126, 1, 0.351, 0.827, 0.443, 0.186, 0.154, 3, 0.558, 0.283, 0.549, 0.354, 0.256, 6, 0.602, 0.515, 0.852, 0.126, 0.395]"
191880,"[1, 0.799, 0.743, 0.282, 0.253, 0.103, 7, 0.449, 0.711, 0.788, 0.207, 0.18]"
117375,"[8, 0.788, 0.585, 0.172, 0.088, 0.152, 9, 0.706, 0.287, 0.561, 0.36, 0.14, 3, 0.35, 0.786, 0.809, 0.388, 0.133, 8, 0.967, 0.884, 0.106, 0.232, 0.371, 7, 0.619, 0.525, 0.788, 0.097, 0.346]"
68022,[]
194242,[]
41024,"[2, 0.573, 0.944, 0.293, 0.344, 0.149, 9, 0.584, 0.317, 0.759, 0.075, 0.369, 3, 0.77, 0.51, 0.537, 0.223, 0.381]"
170516,[]
192471,"[9, 0.726, 0.447, 0.728, 0.221, 0.191, 1, 0.98, 0.154, 0.173, 0.075, 0.207, 7, 0.547, 0.566, 0.149, 0.369, 0.177, 9, 0.77, 0.433, 0.111, 0.325, 0.385]"
182740,"[4, 0.5, 0.208, 0.652, 0.321, 0.08, 6, 0.69, 0.699, 0.337, 0.391, 0.284, 9, 0.557, 0.943, 0.698, 0.085, 0.164, 9, 0.81, 0.337, 0.68, 0.163, 0.155]"
38634,"[9, 0.914, 0.092, 0.664, 0.149, 0.086, 4, 0.645, 0.384, 0.792, 0.103, 0.319]"
105059,"[4, 0.855, 0.267, 0.873, 0.326, 0.104]"
3980,"[7, 0.745, 0.868, 0.793, 0.124, 0.124, 6, 0.679, 0.773, 0.784, 0.078, 0.284]"
146731,"[5, 0.854, 0.398, 0.505, 0.116, 0.221]"
8,[]
61514,"[2, 0.851, 0.447, 0.436, 0.107, 0.241, 9, 0.726, 0.933, 0.291, 0.288, 0.211]"
53207,"[9, 0.915, 0.495, 0.882, 0.293, 0.069, 4, 0.812, 0.13, 0.832, 0.188, 0.377, 7, 0.401, 0.137, 0.893, 0.254, 0.394]"
18660,"[7, 0.513, 0.064, 0.714, 0.136, 0.226]"
138615,"[4, 0.835, 0.112, 0.475, 0.277, 0.382]"
51583,[]
189066,"[7, 0.957, 0.088, 0.366, 0.203, 0.131, 7, 0.761, 0.708, 0.425, 0.358, 0.05]"
81082,"[3, 0.87, 0.328, 0.056, 0.204, 0.398]"
43799,"[4, 0.431, 0.907, 0.788, 0.188, 0.103, 7, 0.506, 0.605, 0.324, 0.063, 0.073, 5, 0.815, 0.211, 0.568, 0.143, 0.093]"
145595,[]
38056,"[9, 0.755, 0.921, 0.646, 0.233, 0.146, 3, 0.854, 0.734, 0.084, 0.113, 0.287, 0, 0.682, 0.589, 0.245, 0.318, 0.361]"
88640,"[9, 0.922, 0.744, 0.72, 0.326, 0.34, 7, 0.307, 0.671, 0.279, 0.386, 0.179, 8, 0.307, 0.134, 0.287, 0.298, 0.271, 6, 0.758, 0.743, 0.75, 0.17, 0.371]"
172813,[]
147154,"[1, 0.398, 0.879, 0.107, 0.316, 0.257, 8, 0.784, 0.141, 0.603, 0.321, 0.377, 4, 0.625, 0.735, 0.758, 0.316, 0.293, 6, 0.58, 0.334, 0.322, 0.378, 0.099]"
166107,"[7, 0.607, 0.936, 0.842, 0.268, 0.115]"
172089,"[7, 0.46, 0.701, 0.161, 0.14, 0.378, 9, 0.405, 0.406, 0.653, 0.342, 0.199, 0, 0.92, 0.197, 0.29, 0.11, 0.15, 2, 0.453, 0.814, 0.082, 0.188, 0.112, 7, 0.489, 0.815, 0.612, 0.119, 0.211]"
189707,"[1, 0.921, 0.853, 0.565, 0.08, 0.174, 4, 0.379, 0.097, 0.423, 0.384, 0.067, 6, 0.841, 0.919, 0.79, 0.137, 0.083]"
169373,"[5, 0.644, 0.367, 0.904, 0.326, 0.104, 6, 0.634, 0.172, 0.309, 0.276, 0.383, 0, 0.317, 0.942, 0.61, 0.253, 0.128, 2, 0.483, 0.537, 0.392, 0.268, 0.366]"
14672,"[2, 0.671, 0.365, 0.422, 0.221, 0.136, 9, 0.515, 0.576, 0.702, 0.278, 0.076, 9, 0.739, 0.641, 0.639, 0.236, 0.384, 1, 0.71, 0.199, 0.223, 0.366, 0.05, 2, 0.711, 0.885, 0.547, 0.317, 0.259]"
150857,"[2, 0.353, 0.126, 0.333, 0.291, 0.255, 2, 0.851, 0.95, 0.122, 0.394, 0.055, 3, 0.349, 0.817, 0.857, 0.32, 0.365]"
16325,"[5, 0.963, 0.168, 0.231, 0.348, 0.16, 3, 0.737, 0.502, 0.714, 0.087, 0.093, 7, 0.479, 0.927, 0.397, 0.371, 0.103, 4, 0.96, 0.165, 0.586, 0.366, 0.078, 8, 0.372, 0.382, 0.817, 0.283, 0.164]"
56922,"[7, 0.835, 0.148, 0.442, 0.086, 0.08, 0, 0.544, 0.488, 0.052, 0.198, 0.149, 6, 0.858, 0.862, 0.193, 0.291, 0.155, 6, 0.419, 0.113, 0.096, 0.322, 0.154, 6, 0.525, 0.594, 0.554, 0.193, 0.255]"
169710,"[9, 0.62, 0.379, 0.898, 0.349, 0.291]"
102284,"[2, 0.533, 0.941, 0.68, 0.287, 0.372, 1, 0.539, 0.907, 0.183, 0.12, 0.279]"
168402,"[9, 0.32, 0.134, 0.099, 0.313, 0.392, 3, 0.976, 0.92, 0.722, 0.1, 0.309]"
39620,"[0, 0.656, 0.651, 0.938, 0.213, 0.161, 8, 0.585, 0.06, 0.153, 0.35, 0.093, 4, 0.535, 0.177, 0.538, 0.209, 0.087, 5, 0.555, 0.47, 0.865, 0.375, 0.21]"
38652,"[0, 0.48, 0.116, 0.308, 0.308, 0.192, 4, 0.904, 0.703, 0.299, 0.275, 0.387, 0, 0.58, 0.397, 0.634, 0.062, 0.248]"
180947,"[0, 0.419, 0.62, 0.306, 0.185, 0.338, 6, 0.604, 0.209, 0.75, 0.107, 0.113, 2, 0.703, 0.186, 0.473, 0.332, 0.25, 1, 0.435, 0.687, 0.158, 0.236, 0.202]"
190011,"[7, 0.907, 0.856, 0.724, 0.394, 0.137, 7, 0.462, 0.168, 0.207, 0.312, 0.368, 1, 0.729, 0.4, 0.112, 0.18, 0.356, 4, 0.63, 0.181, 0.281, 0.232, 0.223]"
16975,"[8, 0.387, 0.749, 0.455, 0.303, 0.119]"
12170,"[9, 0.805, 0.147, 0.398, 0.163, 0.379, 3, 0.665, 0.646, 0.875, 0.245, 0.388, 6, 0.634, 0.35, 0.702, 0.178, 0.226]"
133008,"[8, 0.879, 0.117, 0.32, 0.37, 0.122]"
99503,"[9, 0.79, 0.935, 0.187, 0.374, 0.066]"
183804,"[8, 0.688, 0.107, 0.429, 0.351, 0.124, 4, 0.776, 0.452, 0.177, 0.082, 0.216, 2, 0.934, 0.919, 0.7, 0.234, 0.384, 0, 0.383, 0.373, 0.103, 0.328, 0.07]"
82068,"[9, 0.444, 0.862, 0.593, 0.255, 0.052, 3, 0.744, 0.95, 0.878, 0.204, 0.187, 9, 0.666, 0.719, 0.278, 0.142, 0.134]"
188812,"[3, 0.43, 0.808, 0.75, 0.132, 0.254, 4, 0.794, 0.729, 0.317, 0.284, 0.088, 2, 0.524, 0.603, 0.353, 0.329, 0.095]"
158318,"[8, 0.631, 0.49, 0.18, 0.183, 0.199, 2, 0.451, 0.801, 0.361, 0.163, 0.159, 5, 0.811, 0.393, 0.323, 0.229, 0.227]"
22815,"[9, 0.91, 0.238, 0.469, 0.262, 0.16, 9, 0.331, 0.459, 0.09, 0.274, 0.195]"
108105,"[2, 0.983, 0.219, 0.228, 0.278, 0.086, 9, 0.606, 0.609, 0.373, 0.229, 0.279]"
90852,"[3, 0.82, 0.627, 0.863, 0.287, 0.156, 7, 0.867, 0.858, 0.576, 0.064, 0.347, 4, 0.666, 0.491, 0.919, 0.143, 0.172, 3, 0.779, 0.857, 0.908, 0.189, 0.19]"
76740,"[9, 0.792, 0.282, 0.051, 0.182, 0.326, 3, 0.755, 0.82, 0.472, 0.366, 0.371, 6, 0.412, 0.899, 0.792, 0.365, 0.116, 4, 0.891, 0.503, 0.109, 0.216, 0.305, 5, 0.548, 0.7, 0.501, 0.205, 0.061]"
30421,[]
184730,"[1, 0.549, 0.834, 0.355, 0.118, 0.23, 4, 0.928, 0.1, 0.944, 0.144, 0.348, 3, 0.803, 0.072, 0.206, 0.099, 0.187]"
3046,"[0, 0.417, 0.54, 0.22, 0.4, 0.372, 0, 0.321, 0.513, 0.524, 0.183, 0.3]"
49795,[]
90173,"[4, 0.66, 0.402, 0.518, 0.137, 0.184, 1, 0.458, 0.843, 0.648, 0.075, 0.147, 4, 0.481, 0.509, 0.115, 0.209, 0.238, 7, 0.355, 0.3, 0.689, 0.085, 0.105]"
122270,"[0, 0.603, 0.611, 0.517, 0.346, 0.07, 5, 0.685, 0.637, 0.527, 0.066, 0.068]"
176833,"[2, 0.522, 0.909, 0.098, 0.09, 0.379, 3, 0.343, 0.772, 0.112, 0.157, 0.192, 5, 0.472, 0.537, 0.641, 0.065, 0.081, 8, 0.957, 0.519, 0.258, 0.341, 0.289, 3, 0.648, 0.575, 0.45, 0.336, 0.305]"
188205,"[6, 0.63, 0.146, 0.093, 0.092, 0.379, 9, 0.764, 0.481, 0.243, 0.207, 0.07, 8, 0.785, 0.944, 0.429, 0.185, 0.122, 2, 0.369, 0.584, 0.071, 0.174, 0.343, 1, 0.352, 0.7, 0.585, 0.165, 0.17]"
854,"[1, 0.701, 0.847, 0.929, 0.282, 0.137, 2, 0.497, 0.515, 0.605, 0.083, 0.293]"
6125,[]
31069,"[2, 0.609, 0.067, 0.054, 0.369, 0.202, 3, 0.81, 0.296, 0.603, 0.322, 0.051]"
31988,[]
45743,"[9, 0.313, 0.437, 0.425, 0.205, 0.289]"
70633,"[0, 0.601, 0.487, 0.514, 0.274, 0.385, 0, 0.983, 0.923, 0.465, 0.069, 0.058, 1, 0.362, 0.573, 0.631, 0.187, 0.112]"
178623,"[8, 0.302, 0.148, 0.765, 0.252, 0.141, 3, 0.764, 0.457, 0.664, 0.285, 0.278, 3, 0.967, 0.794, 0.173, 0.18, 0.203]"
102581,"[7, 0.805, 0.228, 0.887, 0.304, 0.299, 0, 0.503, 0.135, 0.887, 0.15, 0.155, 5, 0.532, 0.662, 0.683, 0.268, 0.066]"
125748,"[3, 0.937, 0.856, 0.875, 0.115, 0.136, 8, 0.785, 0.599, 0.473, 0.204, 0.187]"
123769,"[9, 0.745, 0.872, 0.931, 0.276, 0.367, 2, 0.453, 0.342, 0.71, 0.167, 0.391, 2, 0.438, 0.887, 0.333, 0.236, 0.164]"
163316,"[2, 0.942, 0.93, 0.243, 0.288, 0.358]"
13527,[]
64301,"[6, 0.718, 0.614, 0.91, 0.189, 0.282, 2, 0.385, 0.103, 0.848, 0.149, 0.165, 5, 0.823, 0.853, 0.466, 0.114, 0.226, 7, 0.927, 0.057, 0.515, 0.204, 0.359]"
